City,State,Population,lat,lon,Status,Color
Marysville,Washington,63269,48.0517637,-122.1770818,NORMAL CONDITIONS,green
Perris,California,72326,33.7825194,-117.2286478,NON CRITICAL ERROR,yellow
Cleveland,Ohio,390113,41.49932,-81.6943605,CRITICAL ERROR,red
Worcester,Massachusetts,182544,42.2625932,-71.8022934,DOESN`T WORK,black
Columbia,South Carolina,133358,34.0007104,-81.0348144,NORMAL CONDITIONS,green
Waterbury,Connecticut,109676,41.5581525,-73.0514965,NON CRITICAL ERROR,yellow
Eagan,Minnesota,65453,44.8041322,-93.1668858,CRITICAL ERROR,red
Southfield,Michigan,73006,42.4733688,-83.2218731,DOESN`T WORK,black
Lafayette,Louisiana,124276,30.2240897,-92.0198427,NORMAL CONDITIONS,green
Boise City,Idaho,214237,43.6187102,-116.2146068,NON CRITICAL ERROR,yellow
Elkhart,Indiana,51265,41.6819935,-85.9766671,CRITICAL ERROR,red
Buena Park,California,82882,33.8675143,-117.9981181,DOESN`T WORK,black
Marietta,Georgia,59089,33.952602,-84.5499327,NORMAL CONDITIONS,green
Parker,Colorado,48608,39.5186002,-104.7613633,NON CRITICAL ERROR,yellow
West Palm Beach,Florida,102436,26.7153424,-80.0533746,CRITICAL ERROR,red
Salem,Massachusetts,42544,42.51954,-70.8967155,DOESN`T WORK,black
Aurora,Illinois,199963,41.7605849,-88.3200715,NORMAL CONDITIONS,green
Leesburg,Virginia,47673,39.1156615,-77.5636015,NON CRITICAL ERROR,yellow
Doral,Florida,50213,25.8195424,-80.3553302,CRITICAL ERROR,red
Westminster,California,91739,33.7513419,-117.9939921,DOESN`T WORK,black
Lubbock,Texas,239538,33.5778631,-101.8551665,NORMAL CONDITIONS,green
Overland Park,Kansas,181260,38.9822282,-94.6707917,NON CRITICAL ERROR,yellow
Jackson,Mississippi,172638,32.2987573,-90.1848103,CRITICAL ERROR,red
Gastonia,North Carolina,73209,35.262082,-81.1873005,DOESN`T WORK,black
Daytona Beach,Florida,62316,29.2108147,-81.0228331,NORMAL CONDITIONS,green
Kansas City,Missouri,467007,39.0997265,-94.5785667,NON CRITICAL ERROR,yellow
Rancho Palos Verdes,California,42448,33.7444613,-118.3870173,CRITICAL ERROR,red
Burnsville,Minnesota,61434,44.7677424,-93.2777226,DOESN`T WORK,black
Rowlett,Texas,58043,32.9029017,-96.56388,NORMAL CONDITIONS,green
Roswell,New Mexico,48611,33.3942655,-104.5230242,NON CRITICAL ERROR,yellow
Montgomery,Alabama,201332,32.3668052,-86.2999689,CRITICAL ERROR,red
Logan,Utah,48913,41.7369803,-111.8338359,DOESN`T WORK,black
Woburn,Massachusetts,39083,42.4792618,-71.1522765,NORMAL CONDITIONS,green
Allentown,Pennsylvania,118577,40.6084305,-75.4901833,NON CRITICAL ERROR,yellow
Mount Pleasant,South Carolina,74885,32.8323225,-79.8284258,CRITICAL ERROR,red
Columbus,Georgia,202824,32.4609764,-84.9877094,DOESN`T WORK,black
Buffalo,New York,258959,42.8864468,-78.8783689,NORMAL CONDITIONS,green
New Berlin,Wisconsin,39834,42.9764027,-88.1084224,NON CRITICAL ERROR,yellow
North Richland Hills,Texas,67317,32.8342952,-97.2289029,CRITICAL ERROR,red
Lima,Ohio,38355,40.742551,-84.1052256,DOESN`T WORK,black
Sacramento,California,479686,38.5815719,-121.4943996,NORMAL CONDITIONS,green
Fort Smith,Arkansas,87650,35.3859242,-94.3985475,NON CRITICAL ERROR,yellow
East Providence,Rhode Island,47149,41.8137116,-71.3700545,CRITICAL ERROR,red
Urbandale,Iowa,41776,41.6266555,-93.7121656,DOESN`T WORK,black
Mount Vernon,New York,68224,40.9125992,-73.8370786,NORMAL CONDITIONS,green
Lakewood,Colorado,147214,39.7047095,-105.0813734,NON CRITICAL ERROR,yellow
Henderson,Nevada,270811,36.0395247,-114.9817213,CRITICAL ERROR,red
Covina,California,48508,34.0900091,-117.8903397,DOESN`T WORK,black
Stamford,Connecticut,126456,41.0534302,-73.5387341,NORMAL CONDITIONS,green
Bloomington,Indiana,82575,39.165325,-86.5263857,NON CRITICAL ERROR,yellow
Kingsport,Tennessee,52962,36.548434,-82.5618186,CRITICAL ERROR,red
Spokane,Washington,210721,47.6587802,-117.4260466,DOESN`T WORK,black
Kennewick,Washington,76762,46.2112458,-119.1372338,NORMAL CONDITIONS,green
Philadelphia,Pennsylvania,1553165,39.9525839,-75.1652215,NON CRITICAL ERROR,yellow
Bellingham,Washington,82631,48.74908,-122.4781473,CRITICAL ERROR,red
Visalia,California,127763,36.3302284,-119.2920585,DOESN`T WORK,black
La Crosse,Wisconsin,51522,43.8013556,-91.2395807,NORMAL CONDITIONS,green
Council Bluffs,Iowa,61969,41.2619444,-95.8608333,NON CRITICAL ERROR,yellow
North Lauderdale,Florida,42757,26.217305,-80.2258811,CRITICAL ERROR,red
Dallas,Texas,1257676,32.7766642,-96.7969879,DOESN`T WORK,black
Antioch,California,107100,38.0049214,-121.805789,NORMAL CONDITIONS,green
Sterling Heights,Michigan,131224,42.5803122,-83.0302033,NON CRITICAL ERROR,yellow
Deerfield Beach,Florida,78041,26.3184123,-80.0997657,CRITICAL ERROR,red
Fishers,Indiana,83891,39.9567548,-86.01335,DOESN`T WORK,black
Cheyenne,Wyoming,62448,41.1399814,-104.8202462,NORMAL CONDITIONS,green
Murrieta,California,107479,33.5539143,-117.2139232,NON CRITICAL ERROR,yellow
Lenexa,Kansas,50344,38.9536174,-94.7335709,CRITICAL ERROR,red
Noblesville,Indiana,56540,40.0455917,-86.0085955,DOESN`T WORK,black
Southaven,Mississippi,50997,34.9889818,-90.0125913,NORMAL CONDITIONS,green
Chino,California,80988,34.0122346,-117.688944,NON CRITICAL ERROR,yellow
Gaithersburg,Maryland,65690,39.1434406,-77.2013705,CRITICAL ERROR,red
Fountain Valley,California,56707,33.7091847,-117.9536697,DOESN`T WORK,black
Frederick,Maryland,66893,39.4142688,-77.4105409,NORMAL CONDITIONS,green
Greenville,North Carolina,89130,35.612661,-77.3663538,NON CRITICAL ERROR,yellow
DeKalb,Illinois,43849,41.9294736,-88.7503647,CRITICAL ERROR,red
West Allis,Wisconsin,60697,43.0166806,-88.0070315,DOESN`T WORK,black
Thornton,Colorado,127359,39.8680412,-104.9719243,NORMAL CONDITIONS,green
West Des Moines,Iowa,61255,41.5772115,-93.711332,NON CRITICAL ERROR,yellow
Fall River,Massachusetts,88697,41.7014912,-71.1550451,CRITICAL ERROR,red
Tulare,California,61170,36.2077288,-119.3473379,DOESN`T WORK,black
Chula Vista,California,256780,32.6400541,-117.0841955,NORMAL CONDITIONS,green
Coral Springs,Florida,126604,26.271192,-80.2706044,NON CRITICAL ERROR,yellow
Concord,North Carolina,83506,35.4087517,-80.579511,CRITICAL ERROR,red
Smyrna,Georgia,53438,33.8839926,-84.5143761,DOESN`T WORK,black
Apopka,Florida,45587,28.6934076,-81.5322149,NORMAL CONDITIONS,green
Grand Forks,North Dakota,54932,47.9252568,-97.0328547,NON CRITICAL ERROR,yellow
Lancaster,Ohio,39325,39.7136754,-82.5993294,CRITICAL ERROR,red
Naperville,Illinois,144864,41.7508391,-88.1535352,DOESN`T WORK,black
Hollywood,Florida,146526,26.0112014,-80.1494901,NORMAL CONDITIONS,green
Rogers,Arkansas,60112,36.3320196,-94.1185366,NON CRITICAL ERROR,yellow
New Orleans,Louisiana,378715,29.9510658,-90.0715323,CRITICAL ERROR,red
Lakewood,Washington,59097,47.1717649,-122.518458,DOESN`T WORK,black
Oak Lawn,Illinois,57073,41.719978,-87.7479528,NORMAL CONDITIONS,green
Caldwell,Idaho,48957,43.6629384,-116.6873596,NON CRITICAL ERROR,yellow
Portland,Oregon,609456,45.5230622,-122.6764816,CRITICAL ERROR,red
Concord,California,125880,37.9779776,-122.0310733,DOESN`T WORK,black
Burien,Washington,49858,47.4703767,-122.3467918,NORMAL CONDITIONS,green
St. Charles,Missouri,67569,38.7881062,-90.4974359,NON CRITICAL ERROR,yellow
Waukesha,Wisconsin,71016,43.0116784,-88.2314813,CRITICAL ERROR,red
Flagstaff,Arizona,68667,35.1982836,-111.651302,DOESN`T WORK,black
Puyallup,Washington,38609,47.1853785,-122.2928974,NORMAL CONDITIONS,green
Schenectady,New York,65902,42.8142432,-73.9395687,NON CRITICAL ERROR,yellow
Denver,Colorado,649495,39.7392358,-104.990251,CRITICAL ERROR,red
Springfield,Illinois,117006,39.7817213,-89.6501481,DOESN`T WORK,black
Campbell,California,40584,37.2871651,-121.9499568,NORMAL CONDITIONS,green
Moreno Valley,California,201175,33.9424658,-117.2296717,NON CRITICAL ERROR,yellow
Kettering,Ohio,55870,39.6895036,-84.1688274,CRITICAL ERROR,red
Lincoln Park,Michigan,37313,42.2505943,-83.1785361,DOESN`T WORK,black
Lake Havasu City,Arizona,52844,34.483901,-114.3224548,NORMAL CONDITIONS,green
North Little Rock,Arkansas,66075,34.769536,-92.2670941,NON CRITICAL ERROR,yellow
Reno,Nevada,233294,39.5296329,-119.8138027,CRITICAL ERROR,red
Littleton,Colorado,44275,39.613321,-105.0166498,DOESN`T WORK,black
Prescott,Arizona,40590,34.5400242,-112.4685025,NORMAL CONDITIONS,green
Dublin,California,52105,37.7021521,-121.9357918,NON CRITICAL ERROR,yellow
Texarkana,Texas,37442,33.425125,-94.0476882,CRITICAL ERROR,red
Portland,Maine,66318,43.661471,-70.2553259,DOESN`T WORK,black
Brooklyn Park,Minnesota,78373,45.0941315,-93.3563405,NORMAL CONDITIONS,green
West Haven,Connecticut,55046,41.2705484,-72.9469711,NON CRITICAL ERROR,yellow
El Centro,California,43363,32.792,-115.5630514,CRITICAL ERROR,red
The Colony,Texas,39458,33.0806083,-96.8928309,DOESN`T WORK,black
Flint,Michigan,99763,43.0125274,-83.6874562,NORMAL CONDITIONS,green
Pittsburg,California,66695,38.0279762,-121.8846806,NON CRITICAL ERROR,yellow
Buckeye,Arizona,56683,33.3703197,-112.5837766,CRITICAL ERROR,red
Brea,California,40963,33.9166805,-117.9000604,DOESN`T WORK,black
Indio,California,83539,33.7205771,-116.2155619,NORMAL CONDITIONS,green
Scottsdale,Arizona,226918,33.4941704,-111.9260519,NON CRITICAL ERROR,yellow
Columbus,Ohio,822553,39.9611755,-82.9987942,CRITICAL ERROR,red
Lancaster,Pennsylvania,59325,40.0378755,-76.3055144,DOESN`T WORK,black
Lincoln,Nebraska,268738,40.8257625,-96.6851982,NORMAL CONDITIONS,green
Trenton,New Jersey,84349,40.2170534,-74.7429384,NON CRITICAL ERROR,yellow
Boston,Massachusetts,645966,42.3600825,-71.0588801,CRITICAL ERROR,red
Glendora,California,51074,34.1361187,-117.865339,DOESN`T WORK,black
Rochester,Minnesota,110742,44.0121221,-92.4801989,NORMAL CONDITIONS,green
Florissant,Missouri,52363,38.789217,-90.322614,NON CRITICAL ERROR,yellow
Annapolis,Maryland,38722,38.9784453,-76.4921829,CRITICAL ERROR,red
Chapel Hill,North Carolina,59635,35.9131996,-79.0558445,DOESN`T WORK,black
Lawrence,Indiana,47135,39.8386516,-86.0252612,NORMAL CONDITIONS,green
Calexico,California,39389,32.6789476,-115.4988834,NON CRITICAL ERROR,yellow
Calumet City,Illinois,37240,41.6155909,-87.5294871,CRITICAL ERROR,red
Missoula,Montana,69122,46.8787176,-113.996586,DOESN`T WORK,black
Clovis,California,99769,36.8252277,-119.7029194,NORMAL CONDITIONS,green
Pearland,Texas,100065,29.5635666,-95.2860474,NON CRITICAL ERROR,yellow
Gilbert,Arizona,229972,33.3528264,-111.789027,CRITICAL ERROR,red
Wausau,Wisconsin,39309,44.9591352,-89.6301221,DOESN`T WORK,black
Raleigh,North Carolina,431746,35.7795897,-78.6381787,NORMAL CONDITIONS,green
Orange,California,139969,33.7877944,-117.8531119,NON CRITICAL ERROR,yellow
Walnut Creek,California,66900,37.9100783,-122.0651819,CRITICAL ERROR,red
Bremerton,Washington,39056,47.5673202,-122.6329356,DOESN`T WORK,black
Porterville,California,55174,36.06523,-119.0167679,NORMAL CONDITIONS,green
Marana,Arizona,38290,32.436381,-111.2224422,NON CRITICAL ERROR,yellow
Tallahassee,Florida,186411,30.4382559,-84.2807329,CRITICAL ERROR,red
Conroe,Texas,63032,30.3118769,-95.4560512,DOESN`T WORK,black
Blacksburg,Virginia,43609,37.2295733,-80.4139393,NORMAL CONDITIONS,green
San Antonio,Texas,1409019,29.4241219,-98.4936282,NON CRITICAL ERROR,yellow
Hartford,Connecticut,125017,41.7637111,-72.6850932,CRITICAL ERROR,red
Waterloo,Iowa,68366,42.492786,-92.3425775,DOESN`T WORK,black
Binghamton,New York,46444,42.0986867,-75.9179738,NORMAL CONDITIONS,green
Meridian,Idaho,83596,43.6121087,-116.3915131,NON CRITICAL ERROR,yellow
Fond du Lac,Wisconsin,42970,43.7730448,-88.4470508,CRITICAL ERROR,red
Baytown,Texas,75418,29.7355047,-94.9774274,DOESN`T WORK,black
Cary,North Carolina,151088,35.79154,-78.7811169,NORMAL CONDITIONS,green
Weymouth Town,Massachusetts,55419,42.2180724,-70.9410356,NON CRITICAL ERROR,yellow
Tulsa,Oklahoma,398121,36.1539816,-95.992775,CRITICAL ERROR,red
Mission,Texas,81050,26.2159066,-98.3252932,DOESN`T WORK,black
Cuyahoga Falls,Ohio,49267,41.1339449,-81.4845585,NORMAL CONDITIONS,green
Malden,Massachusetts,60509,42.4250964,-71.066163,NON CRITICAL ERROR,yellow
Allen,Texas,92020,33.1031744,-96.6705503,CRITICAL ERROR,red
Tucson,Arizona,526116,32.2217429,-110.926479,DOESN`T WORK,black
Franklin,Tennessee,68886,35.9250637,-86.8688899,NORMAL CONDITIONS,green
Shakopee,Minnesota,39167,44.7973962,-93.5272861,NON CRITICAL ERROR,yellow
Jacksonville,Florida,842583,30.3321838,-81.655651,CRITICAL ERROR,red
Atlantic City,New Jersey,39551,39.3642834,-74.4229266,DOESN`T WORK,black
Erie,Pennsylvania,100671,42.1292241,-80.085059,NORMAL CONDITIONS,green
Merced,California,81102,37.3021632,-120.4829677,NON CRITICAL ERROR,yellow
Abilene,Texas,120099,32.4487364,-99.7331439,CRITICAL ERROR,red
Yorba Linda,California,67032,33.8886259,-117.8131125,DOESN`T WORK,black
Greenville,South Carolina,61397,34.8526176,-82.3940104,NORMAL CONDITIONS,green
Huntersville,North Carolina,50458,35.410694,-80.8428504,NON CRITICAL ERROR,yellow
St. Clair Shores,Michigan,60070,42.4974085,-82.8963604,CRITICAL ERROR,red
Harrisburg,Pennsylvania,49188,40.2731911,-76.8867008,DOESN`T WORK,black
San Buenaventura (Ventura),California,108817,34.274646,-119.2290316,NORMAL CONDITIONS,green
Fremont,California,224922,37.5482697,-121.9885719,NON CRITICAL ERROR,yellow
Pueblo,Colorado,108249,38.2544472,-104.6091409,CRITICAL ERROR,red
Chelsea,Massachusetts,37670,42.3917638,-71.0328284,DOESN`T WORK,black
Belleville,Illinois,42895,38.5200504,-89.9839935,NORMAL CONDITIONS,green
Minneapolis,Minnesota,400070,44.977753,-93.2650108,NON CRITICAL ERROR,yellow
Bartlett,Tennessee,58226,35.2045328,-89.8739753,CRITICAL ERROR,red
Wichita Falls,Texas,104898,33.9137085,-98.4933873,DOESN`T WORK,black
Missouri City,Texas,70185,29.6185669,-95.5377215,NORMAL CONDITIONS,green
St. Louis,Missouri,318416,38.6270025,-90.1994042,NON CRITICAL ERROR,yellow
Pharr,Texas,73790,26.1947962,-98.1836216,CRITICAL ERROR,red
Albuquerque,New Mexico,556495,35.0853336,-106.6055534,DOESN`T WORK,black
Athens-Clarke County,Georgia,119980,33.9519347,-83.357567,NORMAL CONDITIONS,green
South Jordan,Utah,59366,40.5621704,-111.929658,NON CRITICAL ERROR,yellow
North Las Vegas,Nevada,226877,36.1988592,-115.1175013,CRITICAL ERROR,red
Pomona,California,151348,34.055103,-117.7499909,DOESN`T WORK,black
Eastvale,California,55191,33.952463,-117.5848025,NORMAL CONDITIONS,green
Grove City,Ohio,37490,39.8814519,-83.0929644,NON CRITICAL ERROR,yellow
Lawrence,Kansas,90811,38.9716689,-95.2352501,CRITICAL ERROR,red
Midland,Texas,123933,31.9973456,-102.0779146,DOESN`T WORK,black
Oklahoma City,Oklahoma,610613,35.4675602,-97.5164276,NORMAL CONDITIONS,green
Oro Valley,Arizona,41627,32.3909071,-110.966488,NON CRITICAL ERROR,yellow
Mesa,Arizona,457587,33.4151843,-111.8314724,CRITICAL ERROR,red
Norwalk,Connecticut,87776,41.117744,-73.4081575,DOESN`T WORK,black
Kentwood,Michigan,50233,42.8694731,-85.6447492,NORMAL CONDITIONS,green
Brookfield,Wisconsin,37999,43.0605671,-88.1064787,NON CRITICAL ERROR,yellow
Rockwall,Texas,40922,32.9312336,-96.4597089,CRITICAL ERROR,red
Mishawaka,Indiana,47989,41.6619927,-86.1586156,DOESN`T WORK,black
Tustin,California,78327,33.7458511,-117.826166,NORMAL CONDITIONS,green
St. Cloud,Minnesota,66297,45.5579451,-94.1632404,NON CRITICAL ERROR,yellow
Passaic,New Jersey,70868,40.8567662,-74.1284764,CRITICAL ERROR,red
Escondido,California,148738,33.1192068,-117.086421,DOESN`T WORK,black
San Bruno,California,42443,37.6304904,-122.4110835,NORMAL CONDITIONS,green
Berkeley,California,116768,37.8715926,-122.272747,NON CRITICAL ERROR,yellow
San Clemente,California,65040,33.4269728,-117.6119925,CRITICAL ERROR,red
Lawton,Oklahoma,97151,34.6035669,-98.3959291,DOESN`T WORK,black
Eau Claire,Wisconsin,67545,44.811349,-91.4984941,NORMAL CONDITIONS,green
Maricopa,Arizona,45508,33.0581063,-112.0476423,NON CRITICAL ERROR,yellow
DeSoto,Texas,51483,32.5896998,-96.8570738,CRITICAL ERROR,red
Fort Wayne,Indiana,256496,41.079273,-85.1393513,DOESN`T WORK,black
Shoreline,Washington,54790,47.7556531,-122.3415178,NORMAL CONDITIONS,green
Medford,Massachusetts,57170,42.4184296,-71.1061639,NON CRITICAL ERROR,yellow
La Habra,California,61653,33.9319578,-117.9461734,CRITICAL ERROR,red
Albany,New York,98424,42.6525793,-73.7562317,DOESN`T WORK,black
Daly City,California,104739,37.6879241,-122.4702079,NORMAL CONDITIONS,green
Taylor,Michigan,61817,42.240872,-83.2696509,NON CRITICAL ERROR,yellow
Lynchburg,Virginia,78014,37.4137536,-79.1422464,CRITICAL ERROR,red
Bowie,Maryland,56759,39.0067768,-76.7791365,DOESN`T WORK,black
Danbury,Connecticut,83684,41.394817,-73.4540111,NORMAL CONDITIONS,green
Charlottesville,Virginia,44349,38.0293059,-78.4766781,NON CRITICAL ERROR,yellow
Coral Gables,Florida,49631,25.72149,-80.2683838,CRITICAL ERROR,red
Coeur d'Alene,Idaho,46402,47.6776832,-116.7804664,DOESN`T WORK,black
El Monte,California,115708,34.0686206,-118.0275667,NORMAL CONDITIONS,green
Crystal Lake,Illinois,40388,42.2411344,-88.3161965,NON CRITICAL ERROR,yellow
Danville,California,43341,37.8215929,-121.9999606,CRITICAL ERROR,red
Goodyear,Arizona,72864,33.4353394,-112.3576567,DOESN`T WORK,black
Paterson,New Jersey,145948,40.9167654,-74.171811,NORMAL CONDITIONS,green
Salem,Oregon,160614,44.9428975,-123.0350963,NON CRITICAL ERROR,yellow
Kissimmee,Florida,65173,28.2919557,-81.407571,CRITICAL ERROR,red
Saginaw,Michigan,50303,43.4194699,-83.9508068,DOESN`T WORK,black
Brownsville,Texas,181860,25.9017472,-97.4974838,NORMAL CONDITIONS,green
Flower Mound,Texas,68609,33.0145673,-97.0969552,NON CRITICAL ERROR,yellow
Grapevine,Texas,50195,32.9342919,-97.0780654,CRITICAL ERROR,red
Edina,Minnesota,49376,44.8896866,-93.3499489,DOESN`T WORK,black
Detroit,Michigan,688701,42.331427,-83.0457538,NORMAL CONDITIONS,green
Fairfield,Ohio,42635,39.3454673,-84.5603187,NON CRITICAL ERROR,yellow
Mansfield,Texas,60872,32.5631924,-97.1416768,CRITICAL ERROR,red
Rochester,New York,210358,43.16103,-77.6109219,DOESN`T WORK,black
Birmingham,Alabama,212113,33.5206608,-86.80249,NORMAL CONDITIONS,green
Austin,Texas,885400,30.267153,-97.7430608,NON CRITICAL ERROR,yellow
Santa Barbara,California,90412,34.4208305,-119.6981901,CRITICAL ERROR,red
Addison,Illinois,37385,41.931696,-87.9889556,DOESN`T WORK,black
Rio Rancho,New Mexico,91956,35.2327544,-106.6630437,NORMAL CONDITIONS,green
Normal,Illinois,54664,40.5142026,-88.9906312,NON CRITICAL ERROR,yellow
Romeoville,Illinois,39650,41.6475306,-88.0895061,CRITICAL ERROR,red
Coon Rapids,Minnesota,62103,45.1732394,-93.3030063,DOESN`T WORK,black
San Mateo,California,101128,37.5629917,-122.3255254,NORMAL CONDITIONS,green
Orlando,Florida,255483,28.5383355,-81.3792365,NON CRITICAL ERROR,yellow
Casper,Wyoming,59628,42.866632,-106.313081,CRITICAL ERROR,red
Bedford,Texas,48592,32.844017,-97.1430671,DOESN`T WORK,black
Wilmington,North Carolina,112067,34.2257255,-77.9447102,NORMAL CONDITIONS,green
Pinellas Park,Florida,49998,27.8428025,-82.6995443,NON CRITICAL ERROR,yellow
North Miami Beach,Florida,43250,25.9331488,-80.1625463,CRITICAL ERROR,red
Kansas City,Kansas,148483,39.114053,-94.6274636,DOESN`T WORK,black
Fitchburg,Massachusetts,40383,42.5834228,-71.8022955,NORMAL CONDITIONS,green
Wheeling,Illinois,38015,42.1391927,-87.9289591,NON CRITICAL ERROR,yellow
Newton,Massachusetts,87971,42.3370413,-71.2092214,CRITICAL ERROR,red
North Miami,Florida,61007,25.8900949,-80.1867138,DOESN`T WORK,black
Norwich,Connecticut,40347,41.5242649,-72.0759105,NORMAL CONDITIONS,green
Newark,New Jersey,278427,40.735657,-74.1723667,NON CRITICAL ERROR,yellow
Alexandria,Louisiana,48426,31.3112936,-92.4451371,CRITICAL ERROR,red
Blaine,Minnesota,60407,45.1607987,-93.2349489,DOESN`T WORK,black
Harlingen,Texas,65665,26.1906306,-97.6961026,NORMAL CONDITIONS,green
Lompoc,California,43509,34.6391501,-120.4579409,NON CRITICAL ERROR,yellow
Denton,Texas,123099,33.2148412,-97.1330683,CRITICAL ERROR,red
Galveston,Texas,48733,29.3013479,-94.7976958,DOESN`T WORK,black
Greenwood,Indiana,53665,39.6136578,-86.1066526,NORMAL CONDITIONS,green
Salinas,California,155662,36.6777372,-121.6555013,NON CRITICAL ERROR,yellow
Miami Gardens,Florida,111378,25.9420377,-80.2456045,CRITICAL ERROR,red
Huntington,West Virginia,49177,38.4192496,-82.445154,DOESN`T WORK,black
Laredo,Texas,248142,27.5305671,-99.4803241,NORMAL CONDITIONS,green
Melbourne,Florida,77508,28.0836269,-80.6081089,NON CRITICAL ERROR,yellow
Haltom City,Texas,43580,32.7995738,-97.2691817,CRITICAL ERROR,red
Palm Bay,Florida,104898,28.0344621,-80.5886646,DOESN`T WORK,black
Wilson,North Carolina,49628,35.7212689,-77.9155395,NORMAL CONDITIONS,green
Bountiful,Utah,43023,40.8893895,-111.880771,NON CRITICAL ERROR,yellow
Ceres,California,46714,37.5949316,-120.9577098,CRITICAL ERROR,red
Parma,Ohio,80429,41.4047742,-81.7229086,DOESN`T WORK,black
Rapid City,South Dakota,70812,44.0805434,-103.2310149,NORMAL CONDITIONS,green
Bell Gardens,California,42889,33.9652918,-118.1514588,NON CRITICAL ERROR,yellow
Commerce City,Colorado,49799,39.8083196,-104.9338675,CRITICAL ERROR,red
Springfield,Massachusetts,153703,42.1014831,-72.589811,DOESN`T WORK,black
Fort Collins,Colorado,152061,40.5852602,-105.084423,NORMAL CONDITIONS,green
San Leandro,California,87965,37.7249296,-122.1560768,NON CRITICAL ERROR,yellow
Vista,California,96929,33.2000368,-117.2425355,CRITICAL ERROR,red
Yonkers,New York,199766,40.9312099,-73.8987469,DOESN`T WORK,black
Cincinnati,Ohio,297517,39.1031182,-84.5120196,NORMAL CONDITIONS,green
Hagerstown,Maryland,40612,39.6417629,-77.7199932,NON CRITICAL ERROR,yellow
Sanford,Florida,56002,28.8028612,-81.269453,CRITICAL ERROR,red
Union City,New Jersey,68247,40.6975898,-74.2631635,DOESN`T WORK,black
Toledo,Ohio,282313,41.6639383,-83.555212,NORMAL CONDITIONS,green
Sierra Vista,Arizona,45129,31.5455001,-110.2772856,NON CRITICAL ERROR,yellow
Newport News,Virginia,182020,37.0870821,-76.4730122,CRITICAL ERROR,red
Hammond,Indiana,78967,41.5833688,-87.5000412,DOESN`T WORK,black
Buffalo Grove,Illinois,41778,42.1662831,-87.9631308,NORMAL CONDITIONS,green
Sugar Land,Texas,83860,29.6196787,-95.6349463,NON CRITICAL ERROR,yellow
Huntsville,Alabama,186254,34.7303688,-86.5861037,CRITICAL ERROR,red
Lodi,California,63338,38.1341477,-121.2722194,DOESN`T WORK,black
Edmonds,Washington,40727,47.8106521,-122.3773552,NORMAL CONDITIONS,green
Duncanville,Texas,39605,32.6518004,-96.9083366,NON CRITICAL ERROR,yellow
Rocky Mount,North Carolina,56954,35.9382103,-77.7905339,CRITICAL ERROR,red
Pontiac,Michigan,59887,42.6389216,-83.2910468,DOESN`T WORK,black
National City,California,59834,32.6781085,-117.0991967,NORMAL CONDITIONS,green
Hayward,California,151574,37.6688205,-122.0807964,NON CRITICAL ERROR,yellow
Niagara Falls,New York,49468,43.0962143,-79.0377388,CRITICAL ERROR,red
Sparks,Nevada,93282,39.5349112,-119.7526886,DOESN`T WORK,black
Hanford,California,54686,36.3274502,-119.6456844,NORMAL CONDITIONS,green
Cypress,California,49087,33.8169599,-118.0372852,NON CRITICAL ERROR,yellow
Youngstown,Ohio,65184,41.0997803,-80.6495194,CRITICAL ERROR,red
Madison,Alabama,45799,34.6992579,-86.7483318,DOESN`T WORK,black
Redlands,California,69999,34.0555693,-117.1825381,NORMAL CONDITIONS,green
Cape Girardeau,Missouri,38816,37.3058839,-89.5181476,NON CRITICAL ERROR,yellow
Nampa,Idaho,86518,43.5407172,-116.5634624,CRITICAL ERROR,red
Washington,District of Columbia,646449,38.9071923,-77.0368707,DOESN`T WORK,black
Wheaton,Illinois,53648,41.8661403,-88.1070127,NORMAL CONDITIONS,green
Lancaster,Texas,38071,32.5920798,-96.7561082,NON CRITICAL ERROR,yellow
Rialto,California,101910,34.1064001,-117.3703235,CRITICAL ERROR,red
Fargo,North Dakota,113658,46.8771863,-96.7898034,DOESN`T WORK,black
Peoria,Illinois,116513,40.6936488,-89.5889864,NORMAL CONDITIONS,green
Omaha,Nebraska,434353,41.2523634,-95.9979883,NON CRITICAL ERROR,yellow
Rancho Santa Margarita,California,49228,33.640855,-117.603104,CRITICAL ERROR,red
Manhattan,Kansas,56143,39.1836082,-96.5716694,DOESN`T WORK,black
Palm Springs,California,46281,33.8302961,-116.5452921,NORMAL CONDITIONS,green
San Diego,California,1355896,32.715738,-117.1610838,NON CRITICAL ERROR,yellow
Santa Rosa,California,171990,38.440429,-122.7140548,CRITICAL ERROR,red
Lowell,Massachusetts,108861,42.6334247,-71.3161718,DOESN`T WORK,black
Broken Arrow,Oklahoma,103500,36.060949,-95.7974526,NORMAL CONDITIONS,green
Kent,Washington,124435,47.3809335,-122.2348431,NON CRITICAL ERROR,yellow
Nashville,Tennessee,634464,36.1626638,-86.7816016,CRITICAL ERROR,red
Hackensack,New Jersey,44113,40.8859325,-74.0434736,DOESN`T WORK,black
Broomfield,Colorado,59471,39.9205411,-105.0866504,NORMAL CONDITIONS,green
Durham,North Carolina,245475,35.9940329,-78.898619,NON CRITICAL ERROR,yellow
Wichita,Kansas,386552,37.688889,-97.336111,CRITICAL ERROR,red
Cathedral City,California,52977,33.7805388,-116.4668036,DOESN`T WORK,black
Lakeville,Minnesota,58562,44.6496868,-93.24272,NORMAL CONDITIONS,green
Elmhurst,Illinois,45556,41.8994744,-87.9403418,NON CRITICAL ERROR,yellow
Weslaco,Texas,37093,26.1595194,-97.9908366,CRITICAL ERROR,red
Greenfield,Wisconsin,37159,42.9614039,-88.0125865,DOESN`T WORK,black
Sunnyvale,California,147559,37.36883,-122.0363496,NORMAL CONDITIONS,green
Santa Cruz,California,62864,36.9741171,-122.0307963,NON CRITICAL ERROR,yellow
Kenosha,Wisconsin,99889,42.5847425,-87.8211854,CRITICAL ERROR,red
State College,Pennsylvania,41757,40.7933949,-77.8600012,DOESN`T WORK,black
Mansfield,Ohio,46454,40.75839,-82.5154471,NORMAL CONDITIONS,green
Quincy,Illinois,40915,39.9356016,-91.4098726,NON CRITICAL ERROR,yellow
Pompano Beach,Florida,104410,26.2378597,-80.1247667,CRITICAL ERROR,red
San Angelo,Texas,97492,31.4637723,-100.4370375,DOESN`T WORK,black
Bloomington,Illinois,78902,40.4842027,-88.9936873,NORMAL CONDITIONS,green
Tracy,California,84691,37.7396513,-121.4252227,NON CRITICAL ERROR,yellow
Spartanburg,South Carolina,37647,34.9495672,-81.9320482,CRITICAL ERROR,red
Nashua,New Hampshire,87137,42.7653662,-71.467566,DOESN`T WORK,black
Macon,Georgia,89981,32.8406946,-83.6324022,NORMAL CONDITIONS,green
Hempstead,New York,55361,40.7062128,-73.6187397,NON CRITICAL ERROR,yellow
Camden,New Jersey,76903,39.9259463,-75.1196199,CRITICAL ERROR,red
Palm Desert,California,50508,33.7222445,-116.3744556,DOESN`T WORK,black
Streamwood,Illinois,40351,42.0255827,-88.1784085,NORMAL CONDITIONS,green
Chesapeake,Virginia,230571,36.7682088,-76.2874927,NON CRITICAL ERROR,yellow
Dublin,Ohio,43607,40.0992294,-83.1140771,CRITICAL ERROR,red
Camarillo,California,66086,34.2163937,-119.0376023,DOESN`T WORK,black
Muskegon,Michigan,37213,43.2341813,-86.2483921,NORMAL CONDITIONS,green
Elizabeth,New Jersey,127558,40.6639916,-74.2107006,NON CRITICAL ERROR,yellow
Anchorage,Alaska,300950,61.2180556,-149.9002778,CRITICAL ERROR,red
Minot,North Dakota,46321,48.2329668,-101.2922906,DOESN`T WORK,black
Davie,Florida,96830,26.0764783,-80.2521157,NORMAL CONDITIONS,green
McAllen,Texas,136639,26.2034071,-98.2300124,NON CRITICAL ERROR,yellow
McKinney,Texas,148559,33.1972465,-96.6397822,CRITICAL ERROR,red
Killeen,Texas,137147,31.1171194,-97.7277959,DOESN`T WORK,black
Findlay,Ohio,41512,41.04422,-83.6499321,NORMAL CONDITIONS,green
Oakland,California,406253,37.8043637,-122.2711137,NON CRITICAL ERROR,yellow
Mountain View,California,77846,37.3860517,-122.0838511,CRITICAL ERROR,red
Lake Elsinore,California,57525,33.6680772,-117.3272615,DOESN`T WORK,black
Amarillo,Texas,196429,35.2219971,-101.8312969,NORMAL CONDITIONS,green
Provo,Utah,116288,40.2338438,-111.6585337,NON CRITICAL ERROR,yellow
Atlanta,Georgia,447841,33.7489954,-84.3879824,CRITICAL ERROR,red
Monterey Park,California,61085,34.0625106,-118.1228476,DOESN`T WORK,black
Strongsville,Ohio,44730,41.3144966,-81.83569,NORMAL CONDITIONS,green
Madera,California,63105,36.9613356,-120.0607176,NON CRITICAL ERROR,yellow
Decatur,Illinois,74710,39.8403147,-88.9548001,CRITICAL ERROR,red
Woonsocket,Rhode Island,41026,42.0028761,-71.5147839,DOESN`T WORK,black
Mobile,Alabama,194899,30.6953657,-88.0398912,NORMAL CONDITIONS,green
Vallejo,California,118837,38.1040864,-122.2566367,NON CRITICAL ERROR,yellow
Arcadia,California,57639,34.1397292,-118.0353449,CRITICAL ERROR,red
Collierville,Tennessee,47333,35.042036,-89.6645266,DOESN`T WORK,black
Jefferson City,Missouri,43330,38.5767017,-92.1735164,NORMAL CONDITIONS,green
Longview,Texas,81443,32.5007037,-94.7404891,NON CRITICAL ERROR,yellow
Chandler,Arizona,249146,33.3061605,-111.8412502,CRITICAL ERROR,red
Arvada,Colorado,111707,39.8027644,-105.0874842,DOESN`T WORK,black
Alhambra,California,84577,34.095287,-118.1270146,NORMAL CONDITIONS,green
Kokomo,Indiana,56895,40.486427,-86.1336033,NON CRITICAL ERROR,yellow
Oakland Park,Florida,43286,26.1723065,-80.1319893,CRITICAL ERROR,red
Indianapolis,Indiana,843393,39.768403,-86.158068,DOESN`T WORK,black
Boynton Beach,Florida,71097,26.5317866,-80.0905465,NORMAL CONDITIONS,green
Apache Junction,Arizona,37130,33.4150485,-111.5495777,NON CRITICAL ERROR,yellow
Mount Prospect,Illinois,54771,42.0664167,-87.9372908,CRITICAL ERROR,red
Cranston,Rhode Island,80566,41.7798226,-71.4372796,DOESN`T WORK,black
Lafayette,Indiana,70373,40.4167022,-86.8752869,NORMAL CONDITIONS,green
Olathe,Kansas,131885,38.8813958,-94.8191285,NON CRITICAL ERROR,yellow
Johns Creek,Georgia,82788,34.0289259,-84.198579,CRITICAL ERROR,red
Greensboro,North Carolina,279639,36.0726354,-79.7919754,DOESN`T WORK,black
Kalamazoo,Michigan,75548,42.2917069,-85.5872286,NORMAL CONDITIONS,green
Tigard,Oregon,50444,45.4312294,-122.7714861,NON CRITICAL ERROR,yellow
Jacksonville,North Carolina,69079,34.7540524,-77.4302414,CRITICAL ERROR,red
Citrus Heights,California,85285,38.7071247,-121.2810611,DOESN`T WORK,black
Tuscaloosa,Alabama,95334,33.2098407,-87.5691735,NORMAL CONDITIONS,green
Ankeny,Iowa,51567,41.7317884,-93.6001278,NON CRITICAL ERROR,yellow
Hawthorne,California,86199,33.9164032,-118.3525748,CRITICAL ERROR,red
Hoover,Alabama,84126,33.4053867,-86.8113781,DOESN`T WORK,black
Delray Beach,Florida,64072,26.4614625,-80.0728201,NORMAL CONDITIONS,green
Wellington,Florida,60202,26.6617635,-80.2683571,NON CRITICAL ERROR,yellow
Bullhead City,Arizona,39383,35.1359386,-114.5285981,CRITICAL ERROR,red
Weston,Florida,68388,26.1003654,-80.3997748,DOESN`T WORK,black
Troy,Michigan,82821,42.6064095,-83.1497751,NORMAL CONDITIONS,green
New Rochelle,New York,79446,40.9114882,-73.7823549,NON CRITICAL ERROR,yellow
Stockton,California,298118,37.9577016,-121.2907796,CRITICAL ERROR,red
Royal Oak,Michigan,58946,42.4894801,-83.1446485,DOESN`T WORK,black
Titusville,Florida,44206,28.6122187,-80.8075537,NORMAL CONDITIONS,green
Laguna Niguel,California,64652,33.5225261,-117.7075526,NON CRITICAL ERROR,yellow
Spokane Valley,Washington,91113,47.6732281,-117.2393748,CRITICAL ERROR,red
Costa Mesa,California,112174,33.6411316,-117.9186689,DOESN`T WORK,black
Grand Prairie,Texas,183372,32.7459645,-96.9977846,NORMAL CONDITIONS,green
Portsmouth,Virginia,96205,36.8354258,-76.2982742,NON CRITICAL ERROR,yellow
Lacey,Washington,44919,47.0342629,-122.8231915,CRITICAL ERROR,red
Apex,North Carolina,42214,35.732652,-78.8502856,DOESN`T WORK,black
Sioux City,Iowa,82459,42.4999942,-96.4003069,NORMAL CONDITIONS,green
Encinitas,California,61588,33.0369867,-117.2919818,NON CRITICAL ERROR,yellow
Spanish Fork,Utah,36956,40.114955,-111.654923,CRITICAL ERROR,red
Huntington Park,California,58879,33.9816812,-118.2250725,DOESN`T WORK,black
Eden Prairie,Minnesota,62603,44.8546856,-93.470786,NORMAL CONDITIONS,green
Peoria,Arizona,162592,33.5805955,-112.2373779,NON CRITICAL ERROR,yellow
Tempe,Arizona,168228,33.4255104,-111.9400054,CRITICAL ERROR,red
Wilmington,Delaware,71525,39.7390721,-75.5397878,DOESN`T WORK,black
Taylorsville,Utah,60519,40.6677248,-111.9388258,NORMAL CONDITIONS,green
Westland,Michigan,82578,42.324204,-83.400211,NON CRITICAL ERROR,yellow
Mesquite,Texas,143484,32.7667955,-96.5991593,CRITICAL ERROR,red
Burlington,North Carolina,51510,36.0956918,-79.4377991,DOESN`T WORK,black
Garland,Texas,234566,32.912624,-96.6388833,NORMAL CONDITIONS,green
Richmond,California,107571,37.9357576,-122.3477486,NON CRITICAL ERROR,yellow
Bismarck,North Dakota,67034,46.8083268,-100.7837392,CRITICAL ERROR,red
Carson City,Nevada,54080,39.1637984,-119.7674034,DOESN`T WORK,black
Muskogee,Oklahoma,38863,35.7478769,-95.3696909,NORMAL CONDITIONS,green
Augusta-Richmond County,Georgia,197350,33.4734978,-82.0105148,NON CRITICAL ERROR,yellow
Fayetteville,North Carolina,204408,35.0526641,-78.8783585,CRITICAL ERROR,red
Albany,Georgia,76185,31.5785074,-84.155741,DOESN`T WORK,black
Sayreville,New Jersey,44412,40.4594021,-74.360846,NORMAL CONDITIONS,green
Newark,California,44096,37.5296593,-122.0402399,NON CRITICAL ERROR,yellow
Diamond Bar,California,56449,34.0286226,-117.8103367,CRITICAL ERROR,red
Decatur,Alabama,55816,34.6059253,-86.9833417,DOESN`T WORK,black
Chattanooga,Tennessee,173366,35.0456297,-85.3096801,NORMAL CONDITIONS,green
Jeffersonville,Indiana,45929,38.2775702,-85.7371847,NON CRITICAL ERROR,yellow
Bartlett,Illinois,41679,41.9950276,-88.1856301,CRITICAL ERROR,red
Baldwin Park,California,76635,34.0852868,-117.9608978,DOESN`T WORK,black
Miami Beach,Florida,91026,25.790654,-80.1300455,NORMAL CONDITIONS,green
Jackson,Tennessee,67685,35.6145169,-88.8139469,NON CRITICAL ERROR,yellow
Port Arthur,Texas,54135,29.8849504,-93.939947,CRITICAL ERROR,red
San Luis Obispo,California,46377,35.2827524,-120.6596156,DOESN`T WORK,black
Burleson,Texas,40714,32.5420821,-97.3208492,NORMAL CONDITIONS,green
Newport Beach,California,87273,33.6189101,-117.9289469,NON CRITICAL ERROR,yellow
Riverton,Utah,40921,40.521893,-111.9391023,CRITICAL ERROR,red
Yakima,Washington,93257,46.6020711,-120.5058987,DOESN`T WORK,black
Dayton,Ohio,143355,39.7589478,-84.1916069,NORMAL CONDITIONS,green
Gulfport,Mississippi,71012,30.3674198,-89.0928155,NON CRITICAL ERROR,yellow
Long Beach,California,469428,33.7700504,-118.1937395,CRITICAL ERROR,red
Chico,California,88077,39.7284944,-121.8374777,DOESN`T WORK,black
Hattiesburg,Mississippi,47556,31.3271189,-89.2903392,NORMAL CONDITIONS,green
Eugene,Oregon,159190,44.0520691,-123.0867536,NON CRITICAL ERROR,yellow
Colton,California,53243,34.0739016,-117.3136547,CRITICAL ERROR,red
Montebello,California,63495,34.0165053,-118.1137535,DOESN`T WORK,black
Pleasanton,California,74110,37.6624312,-121.8746789,NORMAL CONDITIONS,green
Everett,Washington,105370,47.9789848,-122.2020794,NON CRITICAL ERROR,yellow
Hutchinson,Kansas,41889,38.0608445,-97.9297743,CRITICAL ERROR,red
Fairfield,California,109320,38.2493581,-122.0399663,DOESN`T WORK,black
Avondale,Arizona,78822,33.4355977,-112.3496021,NORMAL CONDITIONS,green
Euclid,Ohio,48139,41.5931049,-81.5267873,NON CRITICAL ERROR,yellow
Battle Creek,Michigan,51848,42.3211522,-85.1797142,CRITICAL ERROR,red
Bloomington,Minnesota,86319,44.840798,-93.2982799,DOESN`T WORK,black
Rock Island,Illinois,38877,41.5094771,-90.5787476,NORMAL CONDITIONS,green
Beaverton,Oregon,93542,45.487062,-122.8037102,NON CRITICAL ERROR,yellow
Kenner,Louisiana,66975,29.9940924,-90.2417434,CRITICAL ERROR,red
Clovis,New Mexico,39508,34.4047987,-103.2052272,DOESN`T WORK,black
Troy,New York,49974,42.7284117,-73.6917851,NORMAL CONDITIONS,green
Milpitas,California,69783,37.4323341,-121.8995741,NON CRITICAL ERROR,yellow
Des Plaines,Illinois,58918,42.0333623,-87.8833991,CRITICAL ERROR,red
Placentia,California,52206,33.8722371,-117.8703363,DOESN`T WORK,black
Taunton,Massachusetts,56069,41.900101,-71.0897674,NORMAL CONDITIONS,green
Montclair,California,38027,34.0775104,-117.6897776,NON CRITICAL ERROR,yellow
Johnson City,Tennessee,65123,36.3134397,-82.3534727,CRITICAL ERROR,red
Savannah,Georgia,142772,32.0835407,-81.0998342,DOESN`T WORK,black
Warren,Ohio,40768,41.2375569,-80.8184166,NORMAL CONDITIONS,green
Vancouver,Washington,167405,45.6387281,-122.6614861,NON CRITICAL ERROR,yellow
Sunrise,Florida,90116,26.1669711,-80.256595,CRITICAL ERROR,red
Muncie,Indiana,70316,40.1933767,-85.3863599,DOESN`T WORK,black
Lehi,Utah,54382,40.3916172,-111.8507662,NORMAL CONDITIONS,green
San Francisco,California,837442,37.7749295,-122.4194155,NON CRITICAL ERROR,yellow
Fontana,California,203003,34.0922335,-117.435048,CRITICAL ERROR,red
Frisco,Texas,136791,33.1506744,-96.8236116,DOESN`T WORK,black
Chino Hills,California,76572,33.9898188,-117.7325848,NORMAL CONDITIONS,green
Poway,California,49417,32.9628232,-117.0358646,NON CRITICAL ERROR,yellow
Huber Heights,Ohio,38142,39.843947,-84.1246608,CRITICAL ERROR,red
New Brunswick,New Jersey,55831,40.4862157,-74.4518188,DOESN`T WORK,black
Norfolk,Virginia,246139,36.8507689,-76.2858726,NORMAL CONDITIONS,green
Hillsboro,Oregon,97368,45.5228939,-122.989827,NON CRITICAL ERROR,yellow
San Jacinto,California,45851,33.7839084,-116.958635,CRITICAL ERROR,red
Pensacola,Florida,52703,30.421309,-87.2169149,DOESN`T WORK,black
Hamilton,Ohio,62258,39.3995008,-84.5613355,NORMAL CONDITIONS,green
Florence,South Carolina,37792,34.1954331,-79.7625625,NON CRITICAL ERROR,yellow
San Bernardino,California,213708,34.1083449,-117.2897652,CRITICAL ERROR,red
Peachtree Corners,Georgia,40059,33.9698929,-84.2214551,DOESN`T WORK,black
Victorville,California,121096,34.5362184,-117.2927641,NORMAL CONDITIONS,green
Gary,Indiana,78450,41.5933696,-87.3464271,NON CRITICAL ERROR,yellow
Casa Grande,Arizona,50111,32.8795022,-111.7573521,CRITICAL ERROR,red
Morgan Hill,California,40836,37.1305012,-121.6543901,DOESN`T WORK,black
Dubuque,Iowa,58253,42.5005583,-90.6645718,NORMAL CONDITIONS,green
Syracuse,New York,144669,43.0481221,-76.1474244,NON CRITICAL ERROR,yellow
Clarksville,Tennessee,142357,36.5297706,-87.3594528,CRITICAL ERROR,red
Lakeland,Florida,100710,28.0394654,-81.9498042,DOESN`T WORK,black
Valley Stream,New York,37659,40.6642699,-73.7084645,NORMAL CONDITIONS,green
Dover,Delaware,37366,39.158168,-75.5243682,NON CRITICAL ERROR,yellow
Moorhead,Minnesota,39398,46.8737648,-96.7678039,CRITICAL ERROR,red
Culver City,California,39428,34.0211224,-118.3964665,DOESN`T WORK,black
Palatine,Illinois,69350,42.1103041,-88.03424,NORMAL CONDITIONS,green
Seattle,Washington,652405,47.6062095,-122.3320708,NON CRITICAL ERROR,yellow
Covington,Kentucky,40956,39.0836712,-84.5085536,CRITICAL ERROR,red
Elk Grove,California,161007,38.4087993,-121.3716178,DOESN`T WORK,black
Shreveport,Louisiana,200327,32.5251516,-93.7501789,NORMAL CONDITIONS,green
Ogden,Utah,84249,41.223,-111.9738304,NON CRITICAL ERROR,yellow
Harrisonburg,Virginia,51395,38.4495688,-78.8689155,CRITICAL ERROR,red
Inglewood,California,111542,33.9616801,-118.3531311,DOESN`T WORK,black
Pasadena,California,139731,34.1477849,-118.1445155,NORMAL CONDITIONS,green
Lawrence,Massachusetts,77657,42.7070354,-71.1631137,NON CRITICAL ERROR,yellow
Lake Oswego,Oregon,37610,45.4206749,-122.6706498,CRITICAL ERROR,red
Petaluma,California,59440,38.232417,-122.6366524,DOESN`T WORK,black
Springfield,Ohio,59357,39.9242266,-83.8088171,NORMAL CONDITIONS,green
Napa,California,79068,38.2975381,-122.286865,NON CRITICAL ERROR,yellow
Aurora,Colorado,345803,39.7294319,-104.8319195,CRITICAL ERROR,red
Duluth,Minnesota,86128,46.7866719,-92.1004852,DOESN`T WORK,black
Roanoke,Virginia,98465,37.2709704,-79.9414266,NORMAL CONDITIONS,green
Bend,Oregon,81236,44.0581728,-121.3153096,NON CRITICAL ERROR,yellow
Apple Valley,California,70924,34.5008311,-117.1858759,CRITICAL ERROR,red
Waltham,Massachusetts,62227,42.3764852,-71.2356113,DOESN`T WORK,black
Fort Myers,Florida,68190,26.640628,-81.8723084,NORMAL CONDITIONS,green
Tampa,Florida,352957,27.950575,-82.4571776,NON CRITICAL ERROR,yellow
Upland,California,75413,34.09751,-117.6483876,CRITICAL ERROR,red
Danville,Virginia,42907,36.5859718,-79.3950228,DOESN`T WORK,black
Beloit,Wisconsin,36888,42.5083482,-89.0317765,NORMAL CONDITIONS,green
Plantation,Florida,90268,26.1275862,-80.2331036,NON CRITICAL ERROR,yellow
Colorado Springs,Colorado,439886,38.8338816,-104.8213634,CRITICAL ERROR,red
Modesto,California,204933,37.6390972,-120.9968782,DOESN`T WORK,black
Grand Rapids,Michigan,192294,42.9633599,-85.6680863,NORMAL CONDITIONS,green
Oak Park,Illinois,52066,41.8850317,-87.7845025,NON CRITICAL ERROR,yellow
Sarasota,Florida,53326,27.3364347,-82.5306527,CRITICAL ERROR,red
Jurupa Valley,California,98030,33.9971974,-117.4854802,DOESN`T WORK,black
Bellflower,California,77593,33.8816818,-118.1170117,NORMAL CONDITIONS,green
Boulder,Colorado,103166,40.0149856,-105.2705456,NON CRITICAL ERROR,yellow
Santa Fe,New Mexico,69976,35.6869752,-105.937799,CRITICAL ERROR,red
Coachella,California,43092,33.6803003,-116.173894,DOESN`T WORK,black
Marlborough,Massachusetts,39414,42.3459271,-71.5522874,NORMAL CONDITIONS,green
Riverside,California,316619,33.9533487,-117.3961564,NON CRITICAL ERROR,yellow
Palmdale,California,157161,34.5794343,-118.1164613,CRITICAL ERROR,red
Novato,California,54194,38.1074198,-122.5697032,DOESN`T WORK,black
Layton,Utah,70790,41.0602216,-111.9710529,NORMAL CONDITIONS,green
Bolingbrook,Illinois,73936,41.6986416,-88.0683955,NON CRITICAL ERROR,yellow
Mission Viejo,California,96346,33.6000232,-117.6719953,CRITICAL ERROR,red
Glenview,Illinois,45417,42.0697509,-87.7878408,DOESN`T WORK,black
Lincoln,California,45237,38.891565,-121.2930079,NORMAL CONDITIONS,green
Folsom,California,73098,38.6779591,-121.1760583,NON CRITICAL ERROR,yellow
Prescott Valley,Arizona,39791,34.6100243,-112.315721,CRITICAL ERROR,red
Las Cruces,New Mexico,101324,32.3199396,-106.7636538,DOESN`T WORK,black
Bozeman,Montana,39860,45.6769979,-111.0429339,NORMAL CONDITIONS,green
Schaumburg,Illinois,74907,42.0333607,-88.0834059,NON CRITICAL ERROR,yellow
Warren,Michigan,134873,42.5144566,-83.0146526,CRITICAL ERROR,red
St. Peters,Missouri,54842,38.7874699,-90.6298922,DOESN`T WORK,black
Ames,Iowa,61792,42.034722,-93.62,NORMAL CONDITIONS,green
Surprise,Arizona,123546,33.6292337,-112.3679279,NON CRITICAL ERROR,yellow
Richardson,Texas,104475,32.9483335,-96.7298519,CRITICAL ERROR,red
Midland,Michigan,42181,43.6155825,-84.2472116,DOESN`T WORK,black
San Marcos,Texas,54076,29.8832749,-97.9413941,NORMAL CONDITIONS,green
Wilkes-Barre,Pennsylvania,41108,41.2459149,-75.8813075,NON CRITICAL ERROR,yellow
Appleton,Wisconsin,73596,44.2619309,-88.4153847,CRITICAL ERROR,red
Shawnee,Kansas,64323,39.0228485,-94.7151865,DOESN`T WORK,black
Mentor,Ohio,46979,41.6661573,-81.339552,NORMAL CONDITIONS,green
Livermore,California,85156,37.6818745,-121.7680088,NON CRITICAL ERROR,yellow
Charlotte,North Carolina,792862,35.2270869,-80.8431267,CRITICAL ERROR,red
Owensboro,Kentucky,58416,37.7719074,-87.1111676,DOESN`T WORK,black
Jupiter,Florida,58298,26.9342246,-80.0942087,NORMAL CONDITIONS,green
Rohnert Park,California,41398,38.3396367,-122.7010984,NON CRITICAL ERROR,yellow
Chicago,Illinois,2718782,41.8781136,-87.6297982,CRITICAL ERROR,red
Billings,Montana,109059,45.7832856,-108.5006904,DOESN`T WORK,black
Wauwatosa,Wisconsin,47134,43.0494572,-88.0075875,NORMAL CONDITIONS,green
Lombard,Illinois,43907,41.8800296,-88.0078435,NON CRITICAL ERROR,yellow
New Haven,Connecticut,130660,41.308274,-72.9278835,CRITICAL ERROR,red
York,Pennsylvania,43935,39.9625984,-76.727745,DOESN`T WORK,black
Knoxville,Tennessee,183270,35.9606384,-83.9207392,NORMAL CONDITIONS,green
Elyria,Ohio,53956,41.3683798,-82.1076486,NON CRITICAL ERROR,yellow
Barnstable Town,Massachusetts,44641,41.7003208,-70.3002024,CRITICAL ERROR,red
Murray,Utah,48612,40.6668916,-111.8879909,DOESN`T WORK,black
Alameda,California,76419,37.7652065,-122.2416355,NORMAL CONDITIONS,green
Manteca,California,71948,37.7974273,-121.2160526,NON CRITICAL ERROR,yellow
Maplewood,Minnesota,39765,44.9530215,-92.9952153,CRITICAL ERROR,red
Medford,Oregon,77677,42.3265152,-122.8755949,DOESN`T WORK,black
Murfreesboro,Tennessee,117044,35.8456213,-86.39027,NORMAL CONDITIONS,green
Yuba City,California,65416,39.1404477,-121.6169108,NON CRITICAL ERROR,yellow
Shelton,Connecticut,40999,41.3164856,-73.0931641,CRITICAL ERROR,red
Cedar Falls,Iowa,40566,42.5348993,-92.4453161,DOESN`T WORK,black
Germantown,Tennessee,39375,35.0867577,-89.8100858,NORMAL CONDITIONS,green
Scranton,Pennsylvania,75806,41.408969,-75.6624122,NON CRITICAL ERROR,yellow
Auburn,Alabama,58582,32.6098566,-85.4807825,CRITICAL ERROR,red
Manassas,Virginia,41705,38.7509488,-77.4752667,DOESN`T WORK,black
Vacaville,California,94275,38.3565773,-121.9877444,NORMAL CONDITIONS,green
Santa Monica,California,92472,34.0194543,-118.4911912,NON CRITICAL ERROR,yellow
Suffolk,Virginia,85728,36.7282054,-76.5835621,CRITICAL ERROR,red
Rochester Hills,Michigan,72952,42.6583661,-83.1499322,DOESN`T WORK,black
La Quinta,California,39331,33.6633573,-116.3100095,NORMAL CONDITIONS,green
Charleston,West Virginia,50821,38.3498195,-81.6326234,NON CRITICAL ERROR,yellow
Delano,California,52403,35.7688425,-119.2470536,CRITICAL ERROR,red
St. Cloud,Florida,40918,28.2489016,-81.2811801,DOESN`T WORK,black
Charleston,South Carolina,127999,32.7764749,-79.9310512,NORMAL CONDITIONS,green
Kannapolis,North Carolina,44359,35.4873613,-80.6217341,NON CRITICAL ERROR,yellow
Corona,California,159503,33.8752935,-117.5664384,CRITICAL ERROR,red
Rocklin,California,59738,38.7907339,-121.2357828,DOESN`T WORK,black
Lee's Summit,Missouri,93184,38.9108408,-94.3821724,NORMAL CONDITIONS,green
Palm Coast,Florida,78740,29.5844524,-81.2078699,NON CRITICAL ERROR,yellow
Sandy,Utah,90231,40.5649781,-111.8389726,CRITICAL ERROR,red
Bentonville,Arkansas,40167,36.3728538,-94.2088172,DOESN`T WORK,black
Santa Clarita,California,179590,34.3916641,-118.542586,NORMAL CONDITIONS,green
Altamonte Springs,Florida,42150,28.6611089,-81.3656242,NON CRITICAL ERROR,yellow
New Braunfels,Texas,63279,29.7030024,-98.1244531,CRITICAL ERROR,red
Memphis,Tennessee,653450,35.1495343,-90.0489801,DOESN`T WORK,black
Irving,Texas,228653,32.8140177,-96.9488945,NORMAL CONDITIONS,green
Alexandria,Virginia,148892,38.8048355,-77.0469214,NON CRITICAL ERROR,yellow
Hesperia,California,92147,34.4263886,-117.3008784,CRITICAL ERROR,red
Holyoke,Massachusetts,40249,42.2042586,-72.6162009,DOESN`T WORK,black
Dunwoody,Georgia,47591,33.9462125,-84.3346473,NORMAL CONDITIONS,green
Skokie,Illinois,65176,42.0324025,-87.7416246,NON CRITICAL ERROR,yellow
Kearny,New Jersey,41664,40.7684342,-74.1454214,CRITICAL ERROR,red
Bethlehem,Pennsylvania,75018,40.6259316,-75.3704579,DOESN`T WORK,black
St. Joseph,Missouri,77147,39.7674578,-94.846681,NORMAL CONDITIONS,green
Redondo Beach,California,67815,33.8491816,-118.3884078,NON CRITICAL ERROR,yellow
Houston,Texas,2195914,29.7604267,-95.3698028,CRITICAL ERROR,red
Temecula,California,106780,33.4936391,-117.1483648,DOESN`T WORK,black
Ann Arbor,Michigan,117025,42.2808256,-83.7430378,NORMAL CONDITIONS,green
Beaumont,Texas,117796,30.080174,-94.1265562,NON CRITICAL ERROR,yellow
East Lansing,Michigan,48554,42.7369792,-84.4838654,CRITICAL ERROR,red
Santee,California,56105,32.8383828,-116.9739167,DOESN`T WORK,black
Tamarac,Florida,63155,26.2128609,-80.2497707,NORMAL CONDITIONS,green
Bellevue,Nebraska,53663,41.1543623,-95.9145568,NON CRITICAL ERROR,yellow
Pembroke Pines,Florida,162329,26.007765,-80.2962555,CRITICAL ERROR,red
Springdale,Arkansas,75229,36.1867442,-94.1288141,DOESN`T WORK,black
Oxnard,California,203007,34.1975048,-119.1770516,NORMAL CONDITIONS,green
Odessa,Texas,110720,31.8456816,-102.3676431,NON CRITICAL ERROR,yellow
Stillwater,Oklahoma,47186,36.1156071,-97.0583681,CRITICAL ERROR,red
Brockton,Massachusetts,94089,42.0834335,-71.0183787,DOESN`T WORK,black
Bayonne,New Jersey,65028,40.6687141,-74.1143091,NORMAL CONDITIONS,green
Paramount,California,54980,33.8894598,-118.1597911,NON CRITICAL ERROR,yellow
Moline,Illinois,43116,41.5067003,-90.5151342,CRITICAL ERROR,red
Meridian,Mississippi,40921,32.3643098,-88.703656,DOESN`T WORK,black
Cleveland,Tennessee,42774,35.1595182,-84.8766115,NORMAL CONDITIONS,green
Jersey City,New Jersey,257342,40.7281575,-74.0776417,NON CRITICAL ERROR,yellow
St. Paul,Minnesota,294873,44.9537029,-93.0899578,CRITICAL ERROR,red
Deltona,Florida,86290,28.9005446,-81.2636738,DOESN`T WORK,black
Freeport,New York,43167,40.6576022,-73.5831835,NORMAL CONDITIONS,green
Iowa City,Iowa,71591,41.6611277,-91.5301683,NON CRITICAL ERROR,yellow
Anaheim,California,345012,33.8352932,-117.9145036,CRITICAL ERROR,red
Apple Valley,Minnesota,50201,44.7319094,-93.21772,DOESN`T WORK,black
Great Falls,Montana,59351,47.4941836,-111.2833449,NORMAL CONDITIONS,green
West Valley City,Utah,133579,40.6916132,-112.0010501,NON CRITICAL ERROR,yellow
Hampton,Virginia,136699,37.0298687,-76.3452218,CRITICAL ERROR,red
Georgetown,Texas,54898,30.6332618,-97.6779842,DOESN`T WORK,black
Orem,Utah,91648,40.2968979,-111.6946475,NORMAL CONDITIONS,green
Monrovia,California,37101,34.1442616,-118.0019482,NON CRITICAL ERROR,yellow
Keller,Texas,42907,32.9341893,-97.229298,CRITICAL ERROR,red
Goose Creek,South Carolina,39823,32.9810059,-80.0325867,DOESN`T WORK,black
Little Rock,Arkansas,197357,34.7464809,-92.2895948,NORMAL CONDITIONS,green
Santa Ana,California,334227,33.7455731,-117.8678338,NON CRITICAL ERROR,yellow
White Plains,New York,57866,41.0339862,-73.7629097,CRITICAL ERROR,red
Idaho Falls,Idaho,58292,43.4916514,-112.0339645,DOESN`T WORK,black
Bellevue,Washington,133992,47.610377,-122.2006786,NORMAL CONDITIONS,green
Roseville,California,127035,38.7521235,-121.2880059,NON CRITICAL ERROR,yellow
Perth Amboy,New Jersey,51982,40.5067723,-74.2654234,CRITICAL ERROR,red
Peabody,Massachusetts,52044,42.5278731,-70.9286609,DOESN`T WORK,black
Grand Island,Nebraska,50550,40.9263957,-98.3420118,NORMAL CONDITIONS,green
Columbia,Missouri,115276,38.9517053,-92.3340724,NON CRITICAL ERROR,yellow
Racine,Wisconsin,78199,42.7261309,-87.7828523,CRITICAL ERROR,red
Carmel,Indiana,85927,39.978371,-86.1180435,DOESN`T WORK,black
Portage,Michigan,47523,42.2011538,-85.5800022,NORMAL CONDITIONS,green
Middletown,Ohio,48630,39.5150576,-84.3982763,NON CRITICAL ERROR,yellow
Woodland,California,56590,38.6785157,-121.7732971,CRITICAL ERROR,red
Revere,Massachusetts,53756,42.4084302,-71.0119948,DOESN`T WORK,black
Euless,Texas,53224,32.8370727,-97.0819541,NORMAL CONDITIONS,green
Arlington Heights,Illinois,75994,42.0883603,-87.9806265,NON CRITICAL ERROR,yellow
Hemet,California,81750,33.7475203,-116.9719684,CRITICAL ERROR,red
High Point,North Carolina,107741,35.9556923,-80.0053176,DOESN`T WORK,black
Newark,Ohio,47777,40.0581205,-82.4012642,NORMAL CONDITIONS,green
Midwest City,Oklahoma,56756,35.4495065,-97.3967019,NON CRITICAL ERROR,yellow
San Marcos,California,89387,33.1433723,-117.1661449,CRITICAL ERROR,red
Port Orange,Florida,57203,29.1383165,-80.9956105,DOESN`T WORK,black
Lakewood,California,81121,33.8536269,-118.1339563,NORMAL CONDITIONS,green
Westerville,Ohio,37530,40.1261743,-82.9290696,NON CRITICAL ERROR,yellow
Rockford,Illinois,150251,42.2711311,-89.0939952,CRITICAL ERROR,red
El Cajon,California,102211,32.7947731,-116.9625269,DOESN`T WORK,black
St. Petersburg,Florida,249688,27.773056,-82.64,NORMAL CONDITIONS,green
Downers Grove,Illinois,49670,41.8089191,-88.0111746,NON CRITICAL ERROR,yellow
Milford,Connecticut,51644,41.2306979,-73.064036,CRITICAL ERROR,red
Albany,Oregon,51583,44.6365107,-123.1059282,DOESN`T WORK,black
Las Vegas,Nevada,603488,36.1699412,-115.1398296,NORMAL CONDITIONS,green
Pasadena,Texas,152735,29.6910625,-95.2091006,NON CRITICAL ERROR,yellow
Port St. Lucie,Florida,171016,27.2730492,-80.3582261,CRITICAL ERROR,red
Cedar Rapids,Iowa,128429,41.9778795,-91.6656232,DOESN`T WORK,black
Ormond Beach,Florida,38661,29.2858129,-81.0558894,NORMAL CONDITIONS,green
Quincy,Massachusetts,93494,42.2528772,-71.0022705,NON CRITICAL ERROR,yellow
Miramar,Florida,130288,25.9860762,-80.3035602,CRITICAL ERROR,red
El Paso,Texas,674433,31.7775757,-106.4424559,DOESN`T WORK,black
Topeka,Kansas,127679,39.0558235,-95.6890185,NORMAL CONDITIONS,green
Rosemead,California,54561,34.0805651,-118.072846,NON CRITICAL ERROR,yellow
Keizer,Oregon,37064,44.9901194,-123.0262077,CRITICAL ERROR,red
Minnetonka,Minnesota,51368,44.9211836,-93.4687489,DOESN`T WORK,black
Akron,Ohio,198100,41.0814447,-81.5190053,NORMAL CONDITIONS,green
Edinburg,Texas,80836,26.3017374,-98.1633432,NON CRITICAL ERROR,yellow
Rancho Cucamonga,California,171386,34.1063989,-117.5931084,CRITICAL ERROR,red
North Charleston,South Carolina,104054,32.8546197,-79.9748103,DOESN`T WORK,black
Louisville,Kentucky,609893,38.2526647,-85.7584557,NORMAL CONDITIONS,green
Watsonville,California,52477,36.910231,-121.7568946,NON CRITICAL ERROR,yellow
Coconut Creek,Florida,56792,26.2517482,-80.1789351,CRITICAL ERROR,red
Bradenton,Florida,51763,27.4989278,-82.5748194,DOESN`T WORK,black
Carlsbad,California,110972,33.1580933,-117.3505939,NORMAL CONDITIONS,green
Texas City,Texas,46081,29.383845,-94.9027002,NON CRITICAL ERROR,yellow
Redding,California,91119,40.5865396,-122.3916754,CRITICAL ERROR,red
Wyoming,Michigan,74100,42.9133602,-85.7053085,DOESN`T WORK,black
Lorain,Ohio,63710,41.452819,-82.1823746,NORMAL CONDITIONS,green
Roy,Utah,37733,41.1616108,-112.0263313,NON CRITICAL ERROR,yellow
Fort Lauderdale,Florida,172389,26.1224386,-80.1373174,CRITICAL ERROR,red
Warner Robins,Georgia,72531,32.6130007,-83.624201,DOESN`T WORK,black
Clearwater,Florida,109703,27.9658533,-82.8001026,NORMAL CONDITIONS,green
Cutler Bay,Florida,43328,25.5808323,-80.3468593,NON CRITICAL ERROR,yellow
Florence,Alabama,40059,34.79981,-87.677251,CRITICAL ERROR,red
Terre Haute,Indiana,61025,39.4667034,-87.4139092,DOESN`T WORK,black
Temple,Texas,70190,31.0982344,-97.342782,NORMAL CONDITIONS,green
Beavercreek,Ohio,45712,39.7092262,-84.0632685,NON CRITICAL ERROR,yellow
Sioux Falls,South Dakota,164676,43.5445959,-96.7311034,CRITICAL ERROR,red
Columbus,Indiana,45775,39.2014404,-85.9213796,DOESN`T WORK,black
Margate,Florida,55456,26.2445263,-80.206436,NORMAL CONDITIONS,green
Leominster,Massachusetts,41002,42.5250906,-71.759794,NON CRITICAL ERROR,yellow
Warwick,Rhode Island,81971,41.7001009,-71.4161671,CRITICAL ERROR,red
Bakersfield,California,363630,35.3732921,-119.0187125,DOESN`T WORK,black
Miami,Florida,417650,25.7616798,-80.1917902,NORMAL CONDITIONS,green
Lake Charles,Louisiana,74024,30.2265949,-93.2173758,NON CRITICAL ERROR,yellow
Richland,Washington,52413,46.2856907,-119.2844621,CRITICAL ERROR,red
Hickory,North Carolina,40361,35.7344538,-81.3444573,DOESN`T WORK,black
South San Francisco,California,66174,37.654656,-122.4077498,NORMAL CONDITIONS,green
Plymouth,Minnesota,73987,45.0105194,-93.4555093,NON CRITICAL ERROR,yellow
South Bend,Indiana,100886,41.6763545,-86.2519898,CRITICAL ERROR,red
Edmond,Oklahoma,87004,35.6528323,-97.4780954,DOESN`T WORK,black
Des Moines,Iowa,207510,41.6005448,-93.6091064,NORMAL CONDITIONS,green
Bonita Springs,Florida,47547,26.339806,-81.7786972,NON CRITICAL ERROR,yellow
Draper,Utah,45285,40.5246711,-111.8638226,CRITICAL ERROR,red
Whittier,California,86635,33.9791793,-118.032844,DOESN`T WORK,black
Livonia,Michigan,95208,42.36837,-83.3527097,NORMAL CONDITIONS,green
Milwaukee,Wisconsin,599164,43.0389025,-87.9064736,NON CRITICAL ERROR,yellow
Auburn,Washington,74860,47.3073228,-122.2284532,CRITICAL ERROR,red
Sumter,South Carolina,41190,33.9204354,-80.3414693,DOESN`T WORK,black
Beverly,Massachusetts,40664,42.5584283,-70.880049,NORMAL CONDITIONS,green
Renton,Washington,97003,47.4828776,-122.2170661,NON CRITICAL ERROR,yellow
Centennial,Colorado,106114,39.5807452,-104.8771726,CRITICAL ERROR,red
Richmond,Virginia,214114,37.5407246,-77.4360481,DOESN`T WORK,black
Anderson,Indiana,55670,40.1053196,-85.6802541,NORMAL CONDITIONS,green
Beaumont,California,40481,33.9294606,-116.977248,NON CRITICAL ERROR,yellow
Pflugerville,Texas,53752,30.4393696,-97.6200043,CRITICAL ERROR,red
Hoboken,New Jersey,52575,40.7439905,-74.0323626,DOESN`T WORK,black
Lexington-Fayette,Kentucky,308428,38.0405837,-84.5037164,NORMAL CONDITIONS,green
Norwalk,California,106589,33.9022367,-118.081733,NON CRITICAL ERROR,yellow
Yuma,Arizona,91923,32.6926512,-114.6276916,CRITICAL ERROR,red
Highland,California,54291,34.1283442,-117.2086513,DOESN`T WORK,black
Carol Stream,Illinois,40379,41.9125286,-88.1347927,NORMAL CONDITIONS,green
Joliet,Illinois,147806,41.525031,-88.0817251,NON CRITICAL ERROR,yellow
Rock Hill,South Carolina,69103,34.9248667,-81.0250784,CRITICAL ERROR,red
Rancho Cordova,California,67911,38.5890723,-121.302728,DOESN`T WORK,black
Dearborn Heights,Michigan,56620,42.3369816,-83.2732627,NORMAL CONDITIONS,green
Honolulu,Hawaii,347884,21.3069444,-157.8583333,NON CRITICAL ERROR,yellow
Victoria,Texas,65098,28.8052674,-97.0035982,CRITICAL ERROR,red
Attleboro,Massachusetts,43886,41.9445441,-71.2856082,DOESN`T WORK,black
Wylie,Texas,44575,33.0151201,-96.5388789,NORMAL CONDITIONS,green
Carrollton,Texas,126700,32.9756415,-96.8899636,NON CRITICAL ERROR,yellow
Plainfield,Illinois,41734,41.632223,-88.2120315,CRITICAL ERROR,red
Hoffman Estates,Illinois,52398,42.0629915,-88.1227199,DOESN`T WORK,black
Methuen,Massachusetts,48514,42.7262016,-71.1908924,NORMAL CONDITIONS,green
North Port,Florida,59212,27.044224,-82.2359254,NON CRITICAL ERROR,yellow
Rockville,Maryland,64072,39.0839973,-77.1527578,CRITICAL ERROR,red
Burbank,California,104709,34.1808392,-118.3089661,DOESN`T WORK,black
Fullerton,California,138981,33.8703596,-117.9242966,NORMAL CONDITIONS,green
Oshkosh,Wisconsin,66778,44.0247062,-88.5426136,NON CRITICAL ERROR,yellow
Huntsville,Texas,39795,30.7235263,-95.5507771,CRITICAL ERROR,red
Farmington Hills,Michigan,81295,42.4989936,-83.3677168,DOESN`T WORK,black
Pico Rivera,California,63771,33.9830688,-118.096735,NORMAL CONDITIONS,green
Cerritos,California,49707,33.8583483,-118.0647871,NON CRITICAL ERROR,yellow
La Puente,California,40435,34.0200114,-117.9495083,CRITICAL ERROR,red
Grand Junction,Colorado,59778,39.0638705,-108.5506486,DOESN`T WORK,black
Enid,Oklahoma,50725,36.3955891,-97.8783911,NORMAL CONDITIONS,green
San Jose,California,998537,37.3382082,-121.8863286,NON CRITICAL ERROR,yellow
Round Rock,Texas,109821,30.5082551,-97.678896,CRITICAL ERROR,red
Maple Grove,Minnesota,65415,45.0724642,-93.4557877,DOESN`T WORK,black
Norman,Oklahoma,118197,35.2225668,-97.4394777,NORMAL CONDITIONS,green
Homestead,Florida,64079,25.4687224,-80.4775569,NON CRITICAL ERROR,yellow
Friendswood,Texas,37587,29.5293998,-95.2010447,CRITICAL ERROR,red
Irvine,California,236716,33.6839473,-117.7946942,DOESN`T WORK,black
Pocatello,Idaho,54350,42.8713032,-112.4455344,NORMAL CONDITIONS,green
Pacifica,California,38606,37.6138253,-122.4869194,NON CRITICAL ERROR,yellow
Sheboygan,Wisconsin,48725,43.7508284,-87.71453,CRITICAL ERROR,red
Bossier City,Louisiana,66333,32.5159852,-93.7321228,DOESN`T WORK,black
Cedar Park,Texas,61238,30.505198,-97.8202888,NORMAL CONDITIONS,green
Sandy Springs,Georgia,99770,33.9304352,-84.3733147,NON CRITICAL ERROR,yellow
Champaign,Illinois,83424,40.1164204,-88.2433829,CRITICAL ERROR,red
Clifton,New Jersey,85390,40.8584328,-74.1637553,DOESN`T WORK,black
Moore,Oklahoma,58414,35.3395079,-97.4867028,NORMAL CONDITIONS,green
Blue Springs,Missouri,53294,39.0169509,-94.2816148,NON CRITICAL ERROR,yellow
Lancaster,California,159523,34.6867846,-118.1541632,CRITICAL ERROR,red
Bryan,Texas,78709,30.6743643,-96.3699632,DOESN`T WORK,black
Hurst,Texas,38448,32.8234621,-97.1705678,NORMAL CONDITIONS,green
Cape Coral,Florida,165831,26.5628537,-81.9495331,NON CRITICAL ERROR,yellow
Cupertino,California,60189,37.3229978,-122.0321823,CRITICAL ERROR,red
Pittsfield,Massachusetts,44057,42.4500845,-73.2453824,DOESN`T WORK,black
Gilroy,California,51701,37.0057816,-121.5682751,NORMAL CONDITIONS,green
Manchester,New Hampshire,110378,42.9956397,-71.4547891,NON CRITICAL ERROR,yellow
Virginia Beach,Virginia,448479,36.8529263,-75.977985,CRITICAL ERROR,red
Salina,Kansas,47846,38.8402805,-97.6114237,DOESN`T WORK,black
Somerville,Massachusetts,78804,42.3875968,-71.0994968,NORMAL CONDITIONS,green
Largo,Florida,78409,27.9094665,-82.7873244,NON CRITICAL ERROR,yellow
Fresno,California,509924,36.7468422,-119.7725868,CRITICAL ERROR,red
Phenix City,Alabama,37498,32.4709761,-85.0007653,DOESN`T WORK,black
Berwyn,Illinois,56758,41.8505874,-87.7936685,NORMAL CONDITIONS,green
Palm Beach Gardens,Florida,50699,26.8233946,-80.1386547,NON CRITICAL ERROR,yellow
Pawtucket,Rhode Island,71172,41.878711,-71.3825558,CRITICAL ERROR,red
San Gabriel,California,40275,34.0961111,-118.1058333,DOESN`T WORK,black
Winston-Salem,North Carolina,236441,36.0998596,-80.244216,NORMAL CONDITIONS,green
Alpharetta,Georgia,62298,34.0753762,-84.2940899,NON CRITICAL ERROR,yellow
O'Fallon,Missouri,82809,38.8106075,-90.6998477,CRITICAL ERROR,red
Redwood City,California,80872,37.4852152,-122.2363548,DOESN`T WORK,black
Union City,California,72528,37.5933918,-122.0438298,NORMAL CONDITIONS,green
Hallandale Beach,Florida,38632,25.9812024,-80.148379,NON CRITICAL ERROR,yellow
Mankato,Minnesota,40641,44.1635775,-93.9993996,CRITICAL ERROR,red
Aliso Viejo,California,50175,33.5676842,-117.7256083,DOESN`T WORK,black
Menifee,California,83447,33.6971468,-117.185294,NORMAL CONDITIONS,green
Loveland,Colorado,71334,40.3977612,-105.0749801,NON CRITICAL ERROR,yellow
Carpentersville,Illinois,38241,42.1211364,-88.2578582,CRITICAL ERROR,red
Providence,Rhode Island,177994,41.8239891,-71.4128343,DOESN`T WORK,black
Hialeah,Florida,233394,25.8575963,-80.2781057,NORMAL CONDITIONS,green
San Ramon,California,74513,37.7799273,-121.9780153,NON CRITICAL ERROR,yellow
Ontario,California,167500,34.0633443,-117.6508876,CRITICAL ERROR,red
Kirkland,Washington,84430,47.6814875,-122.2087353,DOESN`T WORK,black
St. George,Utah,76817,37.0965278,-113.5684164,NORMAL CONDITIONS,green
Hilton Head Island,South Carolina,39412,32.216316,-80.752608,NON CRITICAL ERROR,yellow
Glendale,California,196021,34.1425078,-118.255075,CRITICAL ERROR,red
Meriden,Connecticut,60456,41.5381535,-72.8070435,DOESN`T WORK,black
Gardena,California,59957,33.8883487,-118.3089624,NORMAL CONDITIONS,green
Westfield,Massachusetts,41301,42.1250929,-72.749538,NON CRITICAL ERROR,yellow
Elgin,Illinois,110145,42.0354084,-88.2825668,CRITICAL ERROR,red
Plano,Texas,274409,33.0198431,-96.6988856,DOESN`T WORK,black
Longmont,Colorado,89919,40.1672068,-105.1019275,NORMAL CONDITIONS,green
Coppell,Texas,40342,32.9545687,-97.0150078,NON CRITICAL ERROR,yellow
Lakewood,Ohio,51143,41.4819932,-81.7981908,CRITICAL ERROR,red
Jonesboro,Arkansas,71551,35.8422967,-90.704279,DOESN`T WORK,black
College Station,Texas,100050,30.627977,-96.3344068,NORMAL CONDITIONS,green
Dearborn,Michigan,95884,42.3222599,-83.1763145,NON CRITICAL ERROR,yellow
Utica,New York,61808,43.100903,-75.232664,CRITICAL ERROR,red
Monroe,Louisiana,49761,32.5093109,-92.1193012,DOESN`T WORK,black
Baltimore,Maryland,622104,39.2903848,-76.6121893,NORMAL CONDITIONS,green
Springfield,Missouri,164122,37.2089572,-93.2922989,NON CRITICAL ERROR,yellow
Pine Bluff,Arkansas,46094,34.2284312,-92.0031955,CRITICAL ERROR,red
Plainfield,New Jersey,50588,40.6337136,-74.4073736,DOESN`T WORK,black
Lynn,Massachusetts,91589,42.466763,-70.9494938,NORMAL CONDITIONS,green
Woodbury,Minnesota,65656,44.9238552,-92.9593797,NON CRITICAL ERROR,yellow
Gainesville,Florida,127488,29.6516344,-82.3248262,CRITICAL ERROR,red
West Sacramento,California,49891,38.5804609,-121.530234,DOESN`T WORK,black
Sammamish,Washington,50169,47.6162683,-122.0355736,NORMAL CONDITIONS,green
Aventura,Florida,37199,25.9564812,-80.1392121,NON CRITICAL ERROR,yellow
Fayetteville,Arkansas,78960,36.0625795,-94.1574263,CRITICAL ERROR,red
San Rafael,California,58994,37.9735346,-122.5310874,DOESN`T WORK,black
Conway,Arkansas,63816,35.0886963,-92.4421011,NORMAL CONDITIONS,green
Tacoma,Washington,203446,47.2528768,-122.4442906,NON CRITICAL ERROR,yellow
Middletown,Connecticut,47333,41.5623209,-72.6506488,CRITICAL ERROR,red
Burlington,Vermont,42284,44.4758825,-73.212072,DOESN`T WORK,black
Twin Falls,Idaho,45981,42.5629668,-114.4608711,NORMAL CONDITIONS,green
Sherman,Texas,39296,33.6356618,-96.6088805,NON CRITICAL ERROR,yellow
New York,New York,8405837,40.7127837,-74.0059413,CRITICAL ERROR,red
Simi Valley,California,126181,34.2694474,-118.781482,DOESN`T WORK,black
West Covina,California,107740,34.0686208,-117.9389526,NORMAL CONDITIONS,green
Castle Rock,Colorado,53063,39.3722121,-104.8560902,NON CRITICAL ERROR,yellow
Valdosta,Georgia,56481,30.8327022,-83.2784851,CRITICAL ERROR,red
Fort Worth,Texas,792727,32.7554883,-97.3307658,DOESN`T WORK,black
Carson,California,92599,33.8316745,-118.281693,NORMAL CONDITIONS,green
Evansville,Indiana,120310,37.9715592,-87.5710898,NON CRITICAL ERROR,yellow
Santa Maria,California,102216,34.9530337,-120.4357191,CRITICAL ERROR,red
Brentwood,Tennessee,40021,36.0331164,-86.7827772,DOESN`T WORK,black
La Mesa,California,58642,32.7678287,-117.0230839,NORMAL CONDITIONS,green
Westminster,Colorado,110945,39.8366528,-105.0372046,NON CRITICAL ERROR,yellow
Reading,Pennsylvania,87893,40.3356483,-75.9268747,CRITICAL ERROR,red
Turlock,California,70365,37.4946568,-120.8465941,DOESN`T WORK,black
Greeley,Colorado,96539,40.4233142,-104.7091322,NORMAL CONDITIONS,green
Tyler,Texas,100223,32.3512601,-95.3010624,NON CRITICAL ERROR,yellow
Winter Garden,Florida,37711,28.5652787,-81.5861847,CRITICAL ERROR,red
Waco,Texas,129030,31.549333,-97.1466695,DOESN`T WORK,black
Martinez,California,37165,38.0193657,-122.1341321,NORMAL CONDITIONS,green
Thousand Oaks,California,128731,34.1705609,-118.8375937,NON CRITICAL ERROR,yellow
Azusa,California,47842,34.1336186,-117.9075627,CRITICAL ERROR,red
Bridgeport,Connecticut,147216,41.1865478,-73.1951767,DOESN`T WORK,black
St. Louis Park,Minnesota,47411,44.9597376,-93.3702186,NORMAL CONDITIONS,green
Chesterfield,Missouri,47749,38.6631083,-90.5770675,NON CRITICAL ERROR,yellow
Greenacres,Florida,38696,26.6276276,-80.1353896,CRITICAL ERROR,red
Pasco,Washington,67599,46.2395793,-119.1005657,DOESN`T WORK,black
Torrance,California,147478,33.8358492,-118.3406288,NORMAL CONDITIONS,green
Madison,Wisconsin,243344,43.0730517,-89.4012302,NON CRITICAL ERROR,yellow
Janesville,Wisconsin,63820,42.6827885,-89.0187222,CRITICAL ERROR,red
Waukegan,Illinois,88826,42.3636331,-87.8447938,DOESN`T WORK,black
Bowling Green,Kentucky,61488,36.9685219,-86.4808043,NORMAL CONDITIONS,green
Arlington,Texas,379577,32.735687,-97.1080656,NON CRITICAL ERROR,yellow
Lewisville,Texas,101074,33.046233,-96.994174,CRITICAL ERROR,red
Farmington,New Mexico,45426,36.7280583,-108.2186856,DOESN`T WORK,black
Oakley,California,38194,37.9974219,-121.7124536,NORMAL CONDITIONS,green
Palo Alto,California,66642,37.4418834,-122.1430195,NON CRITICAL ERROR,yellow
Springfield,Oregon,60177,44.0462362,-123.0220289,CRITICAL ERROR,red
New Bedford,Massachusetts,95078,41.6362152,-70.934205,DOESN`T WORK,black
Redmond,Washington,57530,47.6739881,-122.121512,NORMAL CONDITIONS,green
Brentwood,California,55000,37.931868,-121.6957863,NON CRITICAL ERROR,yellow
Davis,California,66205,38.5449065,-121.7405167,CRITICAL ERROR,red
La Mirada,California,49133,33.9172357,-118.0120086,DOESN`T WORK,black
Smyrna,Tennessee,43060,35.9828412,-86.5186045,NORMAL CONDITIONS,green
Altoona,Pennsylvania,45796,40.5186809,-78.3947359,NON CRITICAL ERROR,yellow
Dothan,Alabama,68001,31.2232313,-85.3904888,CRITICAL ERROR,red
East Orange,New Jersey,64544,40.767323,-74.2048677,DOESN`T WORK,black
Tinley Park,Illinois,57282,41.5731442,-87.7932939,NORMAL CONDITIONS,green
Biloxi,Mississippi,44820,30.3960318,-88.8853078,NON CRITICAL ERROR,yellow
Urbana,Illinois,41752,40.1105875,-88.2072697,CRITICAL ERROR,red
Garden Grove,California,175140,33.7739053,-117.9414477,DOESN`T WORK,black
Lynwood,California,71371,33.930293,-118.2114603,NORMAL CONDITIONS,green
Northglenn,Colorado,37499,39.8961821,-104.9811468,NON CRITICAL ERROR,yellow
Canton,Ohio,72535,40.7989473,-81.378447,CRITICAL ERROR,red
Brookhaven,Georgia,50603,33.8651033,-84.3365917,DOESN`T WORK,black
Baton Rouge,Louisiana,229426,30.4582829,-91.1403196,NORMAL CONDITIONS,green
Bristol,Connecticut,60568,41.6717648,-72.9492703,NON CRITICAL ERROR,yellow
Independence,Missouri,117240,39.0911161,-94.4155068,CRITICAL ERROR,red
Lansing,Michigan,113972,42.732535,-84.5555347,DOESN`T WORK,black
Orland Park,Illinois,58590,41.6303103,-87.8539425,NORMAL CONDITIONS,green
Vineland,New Jersey,61050,39.4863773,-75.0259637,NON CRITICAL ERROR,yellow
Green Bay,Wisconsin,104779,44.519159,-88.019826,CRITICAL ERROR,red
Evanston,Illinois,75570,42.0450722,-87.6876969,DOESN`T WORK,black
Ocoee,Florida,39172,28.5691677,-81.5439619,NORMAL CONDITIONS,green
Los Angeles,California,3884307,34.0522342,-118.2436849,NON CRITICAL ERROR,yellow
Federal Way,Washington,92734,47.3223221,-122.3126222,CRITICAL ERROR,red
West Jordan,Utah,110077,40.6096698,-111.9391031,DOESN`T WORK,black
Yucaipa,California,52536,34.033625,-117.0430865,NORMAL CONDITIONS,green
Pittsburgh,Pennsylvania,305841,40.4406248,-79.9958864,NON CRITICAL ERROR,yellow
Downey,California,113242,33.9401088,-118.1331593,CRITICAL ERROR,red
Cicero,Illinois,84103,41.8455877,-87.7539448,DOESN`T WORK,black
South Gate,California,95677,33.954737,-118.2120161,NORMAL CONDITIONS,green
Panama City,Florida,36877,30.1588129,-85.6602058,NON CRITICAL ERROR,yellow
Joplin,Missouri,50789,37.0842271,-94.513281,CRITICAL ERROR,red
League City,Texas,90983,29.5074538,-95.0949303,DOESN`T WORK,black
Salt Lake City,Utah,191180,40.7607793,-111.8910474,NORMAL CONDITIONS,green
Fort Pierce,Florida,43074,27.4467056,-80.3256056,NON CRITICAL ERROR,yellow
Phoenix,Arizona,1513367,33.4483771,-112.0740373,CRITICAL ERROR,red
Corvallis,Oregon,55298,44.5645659,-123.2620435,DOESN`T WORK,black
Cedar Hill,Texas,46663,32.5884689,-96.9561152,NORMAL CONDITIONS,green
Chicopee,Massachusetts,55717,42.1487043,-72.6078672,NON CRITICAL ERROR,yellow
Ocala,Florida,57468,29.1871986,-82.1400923,CRITICAL ERROR,red
Roswell,Georgia,94034,34.0232431,-84.3615555,DOESN`T WORK,black
Park Ridge,Illinois,37839,42.0111412,-87.8406192,NORMAL CONDITIONS,green
Concord,New Hampshire,42419,43.2081366,-71.5375718,NON CRITICAL ERROR,yellow
Olympia,Washington,48338,47.0378741,-122.9006951,CRITICAL ERROR,red
Huntington Beach,California,197575,33.660297,-117.9992265,DOESN`T WORK,black
Corpus Christi,Texas,316381,27.8005828,-97.396381,NORMAL CONDITIONS,green
Haverhill,Massachusetts,62088,42.7762015,-71.0772796,NON CRITICAL ERROR,yellow
Hanover Park,Illinois,38510,41.9994722,-88.1450735,CRITICAL ERROR,red
Cambridge,Massachusetts,107289,42.3736158,-71.1097335,DOESN`T WORK,black
Glendale,Arizona,234632,33.5386523,-112.1859866,NORMAL CONDITIONS,green
Stanton,California,38623,33.8025155,-117.9931165,NON CRITICAL ERROR,yellow
Summerville,South Carolina,46074,33.0185039,-80.1756481,CRITICAL ERROR,red
Davenport,Iowa,102157,41.5236437,-90.5776367,DOESN`T WORK,black
Boca Raton,Florida,89407,26.3683064,-80.1289321,NORMAL CONDITIONS,green
New Britain,Connecticut,72939,41.6612104,-72.7795419,NON CRITICAL ERROR,yellow
Roseville,Michigan,47555,42.4972583,-82.9371409,CRITICAL ERROR,red
Cleveland Heights,Ohio,45394,41.5200518,-81.556235,DOESN`T WORK,black
Gresham,Oregon,109397,45.5001357,-122.4302013,NORMAL CONDITIONS,green
Lauderhill,Florida,69813,26.1403635,-80.2133808,NON CRITICAL ERROR,yellow
Hendersonville,Tennessee,54068,36.3047735,-86.6199957,CRITICAL ERROR,red
Santa Clara,California,120245,37.3541079,-121.9552356,DOESN`T WORK,black
Oceanside,California,172794,33.1958696,-117.3794834,NORMAL CONDITIONS,green
Lake Forest,California,79312,33.6469661,-117.689218,NON CRITICAL ERROR,yellow
Novi,Michigan,57960,42.48059,-83.4754913,CRITICAL ERROR,red
West New York,New Jersey,52122,40.7878788,-74.0143064,DOESN`T WORK,black
Everett,Massachusetts,42935,42.40843,-71.0536625,NORMAL CONDITIONS,green
Linden,New Jersey,41301,40.6220478,-74.2445902,NON CRITICAL ERROR,yellow
Asheville,North Carolina,87236,35.5950581,-82.5514869,CRITICAL ERROR,red
Compton,California,97877,33.8958492,-118.2200712,DOESN`T WORK,black